-- phpMyAdmin SQL Dump
-- version 3.4.5
-- http://www.phpmyadmin.net
--
-- Host: localhost
-- Generation Time: Oct 24, 2019 at 11:02 AM
-- Server version: 5.5.16
-- PHP Version: 5.3.8

SET SQL_MODE="NO_AUTO_VALUE_ON_ZERO";
SET time_zone = "+00:00";


/*!40101 SET @OLD_CHARACTER_SET_CLIENT=@@CHARACTER_SET_CLIENT */;
/*!40101 SET @OLD_CHARACTER_SET_RESULTS=@@CHARACTER_SET_RESULTS */;
/*!40101 SET @OLD_COLLATION_CONNECTION=@@COLLATION_CONNECTION */;
/*!40101 SET NAMES utf8 */;

--
-- Database: `dbtrial`
--

-- --------------------------------------------------------

--
-- Table structure for table `tb_dies`
--

CREATE TABLE IF NOT EXISTS `tb_dies` (
  `id_dies` int(11) NOT NULL,
  `nama` varchar(300) NOT NULL,
  `proses` varchar(150) NOT NULL,
  `customer` varchar(300) NOT NULL,
  PRIMARY KEY (`id_dies`)
) ENGINE=InnoDB DEFAULT CHARSET=latin1;

--
-- Dumping data for table `tb_dies`
--

INSERT INTO `tb_dies` (`id_dies`, `nama`, `proses`, `customer`) VALUES
(1, 'CN PLATE A 798 05L 00Q999', 'Progressive', 'EMI'),
(2, 'CN PLATE A 798 05L 00Q999', 'Bending', 'EMI'),
(3, 'CN PLATE  C463 05L 00Q999', 'Progressive', 'EMI'),
(4, 'CN PLATE  C463 05L 00Q999', 'Bending', 'EMI'),
(5, 'CN PLATE  C989 05L 00Q999', 'Progressive', 'EMI'),
(6, 'CN PLATE  C989 05L 00Q999', 'Bending', 'EMI'),
(7, 'CN PLATE  C137 05  00Q999', 'Progressive', 'EMI'),
(8, 'CN PLATE  C137 05  00Q999', 'Bending', 'EMI'),
(9, 'CN PLATE  C511 05  00Q999', 'Progressive', 'EMI'),
(10, 'CN PLATE  C511 05  00Q999', 'Bending', 'EMI'),
(11, 'CN PLATE D16805L   00Q999', 'Progressive', 'EMI'),
(12, 'CN PLATE D16805L   00Q999', 'Bending', 'EMI'),
(13, 'CN PLATE  C390 05  00Q999', 'Progressive', 'EMI'),
(14, 'CN PLATE  C390 05  00Q999', 'Bending', 'EMI'),
(15, 'CN PLATE  C860 51  00Q999', 'Progressive', 'EMI'),
(16, 'CN PLATE  C860 51  00Q999', 'Bending', 'EMI'),
(17, 'CN PLATE  C128 05  00Q999', 'Progressive', 'EMI'),
(18, 'CN PLATE  C128 05  00Q999', 'Bending', 'EMI'),
(19, 'STR PLATE 101800500000Q999', 'Progressive', 'EMI'),
(20, 'STR PLATE 101803700000Q999', 'Progressive', 'EMI'),
(21, 'STR PLATE 101801500000Q999', 'Progressive', 'EMI'),
(22, 'STR PLATE 101800100000Q999', 'Progressive', 'EMI'),
(23, 'WASHER 807105101000Q999', 'Compound', 'EMI'),
(24, 'WASHER 807106103000Q999', 'Compound', 'EMI'),
(25, 'WASHER 807107161000Q999', 'Compound', 'EMI'),
(26, 'WASHER 8071082020', 'Compound', 'EMI'),
(27, 'WASHER 8071082300L', 'Compound', 'EMI'),
(28, 'MI 36 SINGLE HALF BREAK', 'Progressive', 'IRC'),
(29, 'Retainer GZ1G013FA', 'Progressive', 'HI-LEX'),
(30, 'WASHER AW3G007F0', 'Progressive', 'HI-LEX'),
(31, 'BACK DOOR S', 'Blank', 'IRC'),
(32, 'BACK DOOR S', 'Draw 1', 'IRC'),
(33, 'BACK DOOR S', 'Draw 2', 'IRC'),
(34, 'BACK DOOR S', 'Bending', 'IRC'),
(35, 'BACK DOOR S', 'Cutting', 'IRC'),
(36, 'BACK DOOR S', 'PC1-PC2 Gangtool', 'IRC'),
(37, 'Inner Bush', 'Draw', 'MEIJI'),
(38, 'MI 15.5 MM', 'Progressive', 'IRC'),
(39, 'MI 20.5 mm 2 IN 1', 'Progressive', 'IRC'),
(40, 'MI 20.5 mm Single', 'Progressive', 'IRC'),
(41, 'MI 22 MM 2 IN 1', 'Progressive', 'IRC'),
(42, 'MI 26 MM 2 IN 1', 'Progressive', 'IRC'),
(43, 'MI 29.5 mm 2 IN 1', 'Progressive', 'IRC'),
(44, 'MI 32 mm 2 IN 1', 'Progressive', 'IRC'),
(45, 'MI 32 mm Single', 'Progressive', 'IRC'),
(46, 'MI 34 EMBOSH', 'Progressive', 'IRC'),
(47, 'MI 33,5 MM 2 IN 1', 'Progressive', 'IRC'),
(48, 'MI 29.5 mm Single', 'Progressive', 'IRC'),
(49, 'MI 38 MM', 'Progressive', 'PNGCDN'),
(50, 'MI 33,5 MM Single', 'Progressive', 'IRC'),
(51, 'MI 36 2 IN 1 HALFBREAK', 'Progressive', 'IRC'),
(52, 'MK 009 A', 'Compound', 'IRC'),
(53, 'MK 009 B', 'Progressive', 'IRC'),
(54, 'MK 031 A', 'Piercing-Blank', 'IRC'),
(55, 'MK 031 B', 'Piercing-Blank', 'IRC'),
(56, 'RETAINER SHIFT', 'Blank / Embosh', 'IRC'),
(57, 'RETAINER SHIFT', 'Draw', 'IRC'),
(58, 'RETAINER SHIFT', 'Piercing', 'IRC'),
(59, 'RETAINER SHIFT', '-', 'IRC'),
(60, 'TH 112/115', 'Blank', 'IRC'),
(61, 'TH 113', 'Blank – Piercing', 'IRC'),
(62, 'TH 114', 'Blank – Piercing', 'IRC'),
(63, 'TH 163', 'Blank – Piercing', 'IRC'),
(64, 'TH 163', 'Bending', 'IRC'),
(65, 'TH 163', 'Cutting', 'IRC'),
(66, 'TH 163', 'G. Tool', 'IRC'),
(67, 'Strut 4D34 20-0304', 'Progressive', 'IZUMI'),
(68, 'Strut 4D34 20-0304', 'Humming', 'IZUMI'),
(69, 'H/F GAWA MIJIKATE', 'Piercing 1', 'PARAMONT'),
(70, 'H/F GAWA MIJIKATE', 'Piercing 2', 'PARAMONT'),
(71, 'NAKADOKO NAGATE PIPE', 'Piercing', 'PARAMONT'),
(72, 'WASHER 13001-24727', 'Compound', 'KAYABA'),
(73, 'DC 22032-360', 'Assy', 'MEIJI'),
(74, 'DC 22032-360', 'Bending 2', 'MEIJI'),
(75, 'DC 22032-360', 'Bending 3', 'MEIJI'),
(76, 'DC 43211-360', 'Assy', 'MEIJI'),
(77, 'DC 43211-360', 'Bending 2', 'MEIJI'),
(78, 'DC 43211-360', 'Bending 3', 'MEIJI'),
(79, 'DC 51711-360', 'Assy', 'MEIJI'),
(80, 'DC 51711-360', 'Bending 2', 'MEIJI'),
(81, 'DC 51711-360', 'Bending 3', 'MEIJI'),
(82, 'DC 70711-360', 'Assy', 'MEIJI'),
(83, 'DC 70711-360', 'Bending 2', 'MEIJI'),
(84, 'DC 70711-360', 'Bending 3', 'MEIJI'),
(85, 'DC 72511-360', 'Assy', 'MEIJI'),
(86, 'DC 72511-360', 'Bending 2', 'MEIJI'),
(87, 'DC 72511-360', 'Bending 3', 'MEIJI'),
(88, 'DC 22932', 'Assy Karet', 'MEIJI'),
(89, 'DC 22932', 'Bending 2', 'MEIJI'),
(90, 'DC 22932', 'Bending 3', 'MEIJI'),
(91, 'DC 77531-360', 'Bending 2', 'MEIJI'),
(92, 'DC 77531-360', 'Bending 3', 'MEIJI'),
(93, 'MOUNTING A&B', 'Progressive', 'MEIJI'),
(94, 'MOUNTING A', 'Progressive', 'MEIJI'),
(95, 'Retainer 45932', 'Progressive', 'MEIJI'),
(96, 'RING 22032-360', 'Progressive', 'MEIJI'),
(97, 'RING 22032-360', 'Bending', 'MEIJI'),
(98, 'RING 43211-360', 'Progressive', 'MEIJI'),
(99, 'RING 43211-360', 'Bending', 'MEIJI'),
(100, 'RING 51711-360', 'Progressive', 'MEIJI'),
(101, 'RING 51711-360', 'Bending', 'MEIJI'),
(102, 'RING 70711-360', 'Progressive', 'MEIJI'),
(103, 'RING 70711-360', 'Bending', 'MEIJI'),
(104, 'RING 72511-360', 'Progressive', 'MEIJI'),
(105, 'RING 72511-360', 'Bending', 'MEIJI'),
(106, 'Ring 77531-360', 'Progressive', 'MEIJI'),
(107, 'Ring 77531-360', 'Bending', 'MEIJI'),
(108, 'Ring 77531-360', 'Assy', 'MEIJI'),
(109, 'Ring 22932', 'Progressive', 'MEIJI'),
(110, 'Ring 22932', 'Bending 1', 'MEIJI'),
(111, 'RP 11-11139-0', 'Progressive', 'MEIJI'),
(112, 'RP 21-10000-0', 'Progressive', 'MEIJI'),
(113, 'RP 21-10001-0', 'Progressive', 'MEIJI'),
(114, 'RP 21-10003-0', 'Progressive', 'MEIJI'),
(115, 'RP 21-10008-0', 'Progressive', 'MEIJI'),
(116, 'RP 21-10026-0', 'Progressive', 'MEIJI'),
(117, 'RP 21-10032-0', 'Progressive', 'MEIJI'),
(118, 'RP 21-11086-0', 'Progressive', 'MEIJI'),
(119, 'RP 21-21144-0', 'Progressive', 'MEIJI'),
(120, 'RP 28-19701', 'Progressive', 'MEIJI'),
(121, 'RP 28-19801', 'Progressive', 'MEIJI'),
(122, 'MC 1260/MUF 0038', 'Progressive', 'NOK'),
(123, 'MC 1260/MUF 0038', 'Gang Tool', 'NOK'),
(124, 'MC 1260/MUF 0038', 'Draw 1', 'NOK'),
(125, 'MC 1260/MUF 0038', 'Draw 2', 'NOK'),
(126, 'MC-3372-1-P', 'Progressive', 'NOK'),
(127, 'MC-3657-1', 'Blank – Draw/Prog', 'NOK'),
(128, 'MC-3657-1 2 in 1', 'Forming', 'NOK'),
(129, 'MC-3657-1  Single', 'Forming', 'NOK'),
(130, 'MC-3657-1 2 in 1', 'Piercing', 'NOK'),
(131, 'BP 74-10611-50E', 'Progressive', 'SGI'),
(132, 'BP 74-14132-50E', 'Progressive', 'SGI'),
(133, 'BP 74-15532-50M', 'Progressive', 'SGI'),
(134, 'BP 74-22131-50', 'Progressive', 'SGI'),
(135, 'BP 74-23011-50', 'Progressive', 'SGI'),
(136, 'BP 74-23011-50E', 'Progressive', 'SGI'),
(137, 'BP 74-23411-50', 'Progressive', 'SGI'),
(138, 'BP 74-23411-50E', 'Progressive', 'SGI'),
(139, 'BP 74-24711-50E', 'Progressive', 'SGI'),
(140, 'BP 74-24711-50S', 'Progressive', 'SGI'),
(141, 'BP 74-24731-50E', 'Progressive', 'SGI'),
(142, 'BP 74-24731-50S', 'Progressive', 'SGI'),
(143, 'BP 74-24732-50', 'Progressive', 'SGI'),
(144, 'BP 74-24732-50', 'Champer', 'SGI'),
(145, 'BP 74-24732-50E', 'Progressive', 'SGI'),
(146, 'BP 74-24732-50E', 'Cutting', 'SGI'),
(147, 'BP 74-24732-50M', 'Progressive', 'SGI'),
(148, 'BP 74-24732-50M', 'Cutting', 'SGI'),
(149, 'BP 74-27032-50M', 'Progressive', 'SGI'),
(150, 'BP 74-29311-58M', 'Progressive', 'SGI'),
(151, 'BP 74-30511-50', 'Progressive', 'SGI'),
(152, 'BP 74-24731-50', 'Progressive', 'SGI'),
(153, 'BP 74-30511-50E', 'Progressive', 'SGI'),
(154, 'BP 74-30511-50M', 'Progressive', 'SGI'),
(155, 'BP 74-30531-50', 'Progressive', 'SGI'),
(156, 'BP 74-30531-50E', 'Progressive', 'SGI'),
(157, 'BP 74-30731-50E', 'Progressive', 'SGI'),
(158, 'BP 74-30732-50', 'Progressive', 'SGI'),
(159, 'BP 74-30732-50M', 'Progressive', 'SGI'),
(160, 'BP 74-36111-50', 'Progressive', 'SGI'),
(161, 'BP 74-36111-50E', 'Progressive', 'SGI'),
(162, 'BP 74-36111-50M', 'Progressive', 'SGI'),
(163, 'BP 74-40211-50E', 'Progressive', 'SGI'),
(164, 'BP 74-40211-50M', 'Progressive', 'SGI'),
(165, 'BP 74-40211-58E', 'Progressive', 'SGI'),
(166, 'BP 74-41642-50', 'Progressive', 'SGI'),
(167, 'BP 74-43111-50', 'Progressive', 'SGI'),
(168, 'BP 74-43111-50E', 'Progressive', 'SGI'),
(169, 'BP 74-43111-50E delete', 'Progressive', 'SGI'),
(170, 'BP 74-43111-50M', 'Progressive', 'SGI'),
(171, 'BP 74-43111-58', 'Progressive', 'SGI'),
(172, 'BP 74-43432-50', 'Progressive', 'SGI'),
(173, 'BP 74-43432-50E', 'Progressive', 'SGI'),
(174, 'BP 74-43432-50M', 'Progressive', 'SGI'),
(175, 'BP 74-43932-50', 'Progressive', 'SGI'),
(176, 'BP 74-43932-50E', 'Progressive', 'SGI'),
(177, 'BP 74-43932-50M', 'Progressive', 'SGI'),
(178, 'BP 74-46812-50M', 'Progressive', 'SGI'),
(179, 'BP 74-47511-50M', 'Progressive', 'SGI'),
(180, 'BP 74-47511-58M', 'Progressive', 'SGI'),
(181, 'BP 74-52831-50', 'Progressive', 'SGI'),
(182, 'BP 74-52832-50', 'Progressive', 'SGI'),
(183, 'BP 74-52832-50E', 'Progressive', 'SGI'),
(184, 'BP 74-52832-50M', 'Progressive', 'SGI'),
(185, 'BP 74-60332-50', 'Progressive', 'SGI'),
(186, 'BP 74-60332-58', 'Progressive', 'SGI'),
(187, 'BP 74-61731-50M', 'Progressive', 'SGI'),
(188, 'BP 74-62032-50E', 'Progressive', 'SGI'),
(189, 'BP 74-66432-58M', 'Progressive', 'SGI'),
(190, 'BP 74-70712-50E', 'Progressive', 'SGI'),
(191, 'BP 74-70712-50E', 'Cutting', 'SGI'),
(192, 'BP 74-71432-50E', 'Progressive', 'SGI'),
(193, 'BP 74-71432-50M', 'Progressive', 'SGI'),
(194, 'BP 74-71532-50S', 'Progressive', 'SGI'),
(195, 'BP 74-71532-58', 'Progressive', 'SGI'),
(196, 'BP 74-72211-50S', 'Progressive', 'SGI'),
(197, 'BP 74-72411-50E', 'Progressive', 'SGI'),
(198, 'BP 74-72411-58', 'Progressive', 'SGI'),
(199, 'BP 74-74532-50E', 'Progressive', 'SGI'),
(200, 'BP 74-74712-50', 'Progressive', 'SGI'),
(201, 'BP 74-74712-50M', 'Progressive', 'SGI'),
(202, 'BP 74-T0832-350', 'Progressive', 'SGI'),
(203, 'BP 74-T0832-350', 'Progressive', 'SGI'),
(204, 'BRACKET S81009', 'Piercing/ Blank', 'STI'),
(205, 'BRACKET S81009', 'Bending', 'STI'),
(206, 'BRACKET S81018', 'Piercing/ Blank', 'STI'),
(207, 'BRACKET S81018', 'Bending', 'STI'),
(208, 'COVER FLANGE S71055-3', 'Progressive', 'STI'),
(209, 'COVER S71053', 'Blank', 'STI'),
(210, 'COVER S71053', 'Draw', 'STI'),
(211, 'COVER S71053', 'Piercing', 'STI'),
(212, 'COVER S71053', 'Gerinda ', 'STI'),
(213, 'COVER S71054', 'Blank', 'STI'),
(214, 'COVER S71054', 'Draw', 'STI'),
(215, 'COVER S71054', 'Piercing', 'STI'),
(216, 'COVER S71054', 'Gerinda ', 'STI'),
(217, 'COVER S71058', 'Blank', 'STI'),
(218, 'COVER S71058', 'Draw', 'STI'),
(219, 'COVER S71058', 'Piercing', 'STI'),
(220, 'COVER S71058', 'Gerinda ', 'STI'),
(221, 'COVER S71065', 'Blank', 'STI'),
(222, 'COVER S71065', 'Piercing 1', 'STI'),
(223, 'COVER S71065', 'PC2', 'STI'),
(224, 'COVER S71065', 'PC/Champer', 'STI'),
(225, 'COVER S71065', 'Humming', 'STI'),
(226, 'COVER S71072', 'Blank/PC', 'STI'),
(227, 'COVER S71072', 'Draw', 'STI'),
(228, 'COVER S74007-0', 'Trimming-Bend', 'STI'),
(229, 'COVER S74007-0', 'Bending', 'STI'),
(230, 'COVER S74007-0', 'Curling', 'STI'),
(231, 'COVER S74007-1', 'Trimming-Bend', 'STI'),
(232, 'COVER S74007-1', 'Bending', 'STI'),
(233, 'COVER S74007-1', 'Curling', 'STI'),
(234, 'COVER S74007-4', 'Trimming-Bend', 'STI'),
(235, 'COVER S74007-4', 'Bending', 'STI'),
(236, 'COVER S74007-4', 'Curling', 'STI'),
(237, 'COVER S74017', 'Trim – Bending', 'STI'),
(238, 'COVER S74017', 'Bending', 'STI'),
(239, 'COVER S74017', 'Curling', 'STI'),
(240, 'COVER SP71018', 'Blank ', 'STI'),
(241, 'COVER SP71018', 'Draw', 'STI'),
(242, 'COVER SP71018', 'gerinda', 'STI'),
(243, 'PAKING GUIDE 17863', 'Progressive', 'STI'),
(244, 'PAKING GUIDE 17863', 'Draw - Piercing', 'STI'),
(245, 'SEIZING PLATE S84018', 'Blank/PC', 'STI'),
(246, 'CRAW WASHER 81-23413-20', 'Compound', 'SGI'),
(247, 'CRAW WASHER 81-28013-20', 'Progressive', 'SGI'),
(248, 'WASHER 72001', 'Progressive', 'STI'),
(249, 'CRAW WASHER 81-72313-20', 'Progressive', 'SGI'),
(250, 'WASHER S72067 R', 'Compound', 'STI'),
(251, 'WASHER S72096', 'Blank – Piercing', 'STI'),
(252, 'WASHER S72114', 'Compound', 'STI'),
(253, 'INSERT SPCC-2D 0.5 X 16.5 MM', 'Progressive', 'TTEC'),
(254, 'INSERT ROLL 32', 'Progressive', 'TTEC'),
(255, 'INSERT ROLL 0.5 X 34 MM', 'Progressive', 'TTEC'),
(256, 'LOUD PEDAL LEVER UP109/113 MFZN2W3', 'Cutting', 'YAMAHA'),
(257, 'LOUD PEDAL LEVER UP109/113 MFZN2W3', 'PC 1', 'YAMAHA'),
(258, 'LOUD PEDAL LEVER UP109/113 MFZN2W3', 'HUMMING', 'YAMAHA'),
(259, 'LOUD PEDAL LEVER UP109/113 MFZN2W3', 'HUMMING Ø8', 'YAMAHA'),
(260, 'LOUD PEDAL LEVER UP109/113 MFZN2W3', 'PC2 Ø7', 'YAMAHA'),
(261, 'LOUD PEDAL LEVER UP109/113 MFZN2W3', 'PC2 Ø8', 'YAMAHA'),
(262, 'LOUD PEDAL LEVER UP109/113 MFZN2W3', 'Piercing/cut Ø7', 'YAMAHA'),
(263, 'LOUD PEDAL LEVER UP109/113 MFZN2W3', 'BD Ø7', 'YAMAHA'),
(264, 'LOUD PEDAL LEVER UP109/113 MFZN2W3', 'BD Ø8', 'YAMAHA'),
(265, 'LOUD PEDAL LEVER UP116 MFZN2W3', 'Cutting', 'YAMAHA'),
(266, 'LOUD PEDAL LEVER UP116 MFZN2W3', 'PC 1', 'YAMAHA'),
(267, 'LOUD PEDAL LEVER UP116 MFZN2W3', 'HUMMING Ø7', 'YAMAHA'),
(268, 'LOUD PEDAL LEVER UP116 MFZN2W3', 'HUMMING Ø8', 'YAMAHA'),
(269, 'LOUD PEDAL LEVER UP116 MFZN2W3', 'PC2 Ø7', 'YAMAHA'),
(270, 'LOUD PEDAL LEVER UP116 MFZN2W3', 'PC2 Ø8', 'YAMAHA'),
(271, 'LOUD PEDAL LEVER UP116 MFZN2W3', 'Piercing/cut Ø7', 'YAMAHA'),
(272, 'LOUD PEDAL LEVER UP116 MFZN2W3', 'BD Ø7', 'YAMAHA'),
(273, 'LOUD PEDAL LEVER UP116 MFZN2W3', 'HUMMING', 'YAMAHA'),
(274, 'MUSIC RACK SUPPORT HINGE', 'Gerinda', 'YAMAHA'),
(275, 'Retainer GZ1G011F0', 'Progressive', 'HI-LEX'),
(276, 'SOFT PEDAL LEVER UP109/113 MFZN2W3', 'Cutting', 'YAMAHA'),
(277, 'SOFT PEDAL LEVER UP109/113 MFZN2W3', 'PC 1', 'YAMAHA'),
(278, 'SOFT PEDAL LEVER UP109/113 MFZN2W3', 'HUMMING Ø7', 'YAMAHA'),
(279, 'SOFT PEDAL LEVER UP109/113 MFZN2W3', 'HUMMING Ø8', 'YAMAHA'),
(280, 'SOFT PEDAL LEVER UP109/113 MFZN2W3', 'PC2 Ø7', 'YAMAHA'),
(281, 'SOFT PEDAL LEVER UP109/113 MFZN2W3', 'PC2 Ø8', 'YAMAHA'),
(282, 'SOFT PEDAL LEVER UP116 MFZN2W3', 'Cutting', 'YAMAHA'),
(283, 'SOFT PEDAL LEVER UP116 MFZN2W3', 'PC 1', 'YAMAHA'),
(284, 'SOFT PEDAL LEVER UP116 MFZN2W3', 'HUMMING Ø7', 'YAMAHA'),
(285, 'SOFT PEDAL LEVER UP116 MFZN2W3', 'HUMMING Ø8', 'YAMAHA'),
(286, 'SOFT PEDAL LEVER UP116 MFZN2W3', 'PC2 Ø7', 'YAMAHA'),
(287, 'SOFT PEDAL LEVER UP116 MFZN2W3', 'PC2 Ø8', 'YAMAHA'),
(288, 'SOFT PEDAL LEVER UP121 MFZN2W3', 'Cutting', 'YAMAHA'),
(289, 'SOFT PEDAL LEVER UP121 MFZN2W3', 'PC 1', 'YAMAHA'),
(290, 'SOFT PEDAL LEVER UP121 MFZN2W3', 'HUMMING Ø7', 'YAMAHA'),
(291, 'SOFT PEDAL LEVER UP121 MFZN2W3', 'HUMMING Ø8', 'YAMAHA'),
(292, 'SOFT PEDAL LEVER UP121 MFZN2W3', 'PC2 Ø7', 'YAMAHA'),
(293, 'SOFT PEDAL LEVER UP121 MFZN2W3', 'PC2 Ø8', 'YAMAHA'),
(294, 'SP 34-0328-04', 'Progressive', 'SGI'),
(295, 'BINDER 11029-0724D-K03', 'Progressive', 'YSFK'),
(296, 'BINDER 11029-0724D-K03', 'Cutting', 'YSFK'),
(297, 'BINDER 11029-0724D-K03', 'Bending', 'YSFK'),
(298, 'BRACKET 3F-0818430-K01', 'Compound', 'YSFK'),
(299, 'PLATE 11029-0724D-K01', 'Progressive', 'YSFK'),
(300, 'PLATE 2 11029-0724D-K04', 'Compound', 'YSFK'),
(301, 'PUNCHING PLATE B65-E4451-K01', 'Progressive', 'YSFK'),
(302, 'PUNCHING PLATE B65-E4451-K01', 'Compound', 'YSFK'),
(303, 'PUNCHING PLATE 11029-0724D-K02', 'Progressive', 'YSFK'),
(304, 'PUNCHING PLATE 11029-0724D-K02', 'Piercing', 'YSFK'),
(305, 'PUNCHING PLATE 11029-0724D-K02', 'Cutting', 'YSFK'),
(306, 'PUNCHING PLATE 52B-E4450-K01', 'Progressive', 'YSFK'),
(307, 'PUNCHING PLATE 52B-E4450-K01', 'Compound', 'YSFK'),
(308, 'PUNCHING PLATE 54P-E4450-K01', 'Progressive', 'YSFK'),
(309, 'PUNCHING PLATE 54P-E4450-K01', 'Compound', 'YSFK'),
(310, 'PUNCHING PLATE 5D9-E4450-K01', 'Progressive', 'YSFK'),
(311, 'PUNCHING PLATE 5D9-E4450-K01', 'Compound', 'YSFK'),
(312, 'PUNCHING PLATE B74-E4451-K01', 'Progressive', 'YSFK'),
(313, 'PUNCHING PLATE B74-E4451-K01', 'Compound', 'YSFK'),
(314, 'WASHER GP7-U155F-B01', 'Compound', 'YSFK'),
(315, 'COVER PLATE AP60-23E (812AP60C1)', 'Blank-piercing', 'YSNG'),
(316, 'COVER PLATE A', 'Blank', 'YSNG'),
(317, 'COVER PLATE A', 'Piercing', 'YSNG'),
(318, 'COVER PLATE AP 120', 'Blank', 'YSNG'),
(319, 'COVER PLATE AP 120', 'Piercing', 'YSNG'),
(320, 'COVER PLATE AP30 (812AP30C0)', 'Blank – Piercing', 'YSNG'),
(321, 'COVER PLATE AP30 (812AP30C0)', 'Compound', 'YSNG'),
(322, 'COVER PLATE AP30UL (812AP30C0UL)', 'Blank – Piercing', 'YSNG'),
(323, 'COVER PLATE AP30UL (812AP30C0UL)', 'Compound', 'YSNG'),
(324, 'COVER PLATE AP60 (812AP60C0)', 'Blank – Piercing', 'YSNG'),
(325, 'COVER PLATE AP60 (812AP60C0)', 'Compound', 'YSNG'),
(326, 'COVER PLATE AP60-23E (812AP60C1)', 'Blank', 'YSNG'),
(327, 'COVER PLATE AP60-23E (812AP60C1)', 'Piercing', 'YSNG'),
(328, 'COVER PLATE AP60-23E (812AP60C1)', 'Compound', 'YSNG'),
(329, 'COVER PLATE AP60UL (812AP60C0UL)', 'Blank – Piercing', 'YSNG'),
(330, 'COVER PLATE AP60UL (812AP60C0UL)', 'Compound', 'YSNG'),
(331, 'COVER PLATE AP120N (812AP120NC0)', 'Blank', 'YSNG'),
(332, 'COVER PLATE AP120N (812AP120NC0)', 'Piercing', 'YSNG'),
(333, 'Inner Bush', 'Turret', 'MEIJI'),
(334, 'COVER PLATE AP60N (812AP60NC0)', 'Compound', 'YSNG'),
(335, 'COVER PLATE AP80H (812AP80HC0)', 'Blank', 'YSNG'),
(336, 'COVER PLATE AP80H (812AP80HC0)', 'Piercing', 'YSNG'),
(337, 'COVER PLATE B', 'Blank', 'YSNG'),
(338, 'COVER PLATE B', 'Piercing', 'YSNG'),
(339, 'COVER PLATE C/LW', 'Blank', 'YSNG'),
(340, 'COVER PLATE C/LW', 'Piercing', 'YSNG'),
(341, 'COVER PLATE EP 100', 'Blank', 'YSNG'),
(342, 'COVER PLATE EP 100', 'Piercing', 'YSNG'),
(343, 'COVER PLATE MP 100', 'Blank', 'YSNG'),
(344, 'COVER PLATE MP 100', 'Piercing', 'YSNG'),
(345, 'COVER PLATE MP 70', 'Blank', 'YSNG'),
(346, 'COVER PLATE MP 70', 'Piercing', 'YSNG'),
(347, 'COVER PLATE S71076R', 'Compound', 'STI'),
(348, 'PLATE MP 70', 'Pc/Cutting', 'YSNG'),
(349, 'PLATE S71061', '', 'YSNG'),
(350, 'PLATE S71061', '', 'YSNG'),
(351, 'PLATE S71061', '', 'YSNG'),
(352, 'TANK LID 30 A', 'Blank', 'YSNG'),
(353, 'TANK LID 30 A', 'Piercing', 'YSNG'),
(354, 'TANK LID AP 100 WYTO', 'Blank', 'YSNG'),
(355, 'TANK LID AP 100 WYTO', 'Piercing / Marking', 'YSNG'),
(356, 'Tank Lid AP 120NT0', 'Blank', 'YSNG'),
(357, 'Tank Lid AP 120NT0', 'PC/Marking', 'YSNG'),
(358, 'Tank Lid AP 120NT1', 'Blank', 'YSNG'),
(359, 'Tank Lid AP 120NT1', 'PC/Marking', 'YSNG'),
(360, 'TANK LID AP 23-E ( 812AP30T1 )', 'Blank', 'YSNG'),
(361, 'TANK LID AP 23-E ( 812AP30T1 )', 'Piercing', 'YSNG'),
(362, 'Tank Lid AP 60NT0', 'Blank', 'YSNG'),
(363, 'Tank Lid AP 60NT0', 'PC/Marking', 'YSNG'),
(364, 'Tank Lid AP 60NT1', 'Blank', 'YSNG'),
(365, 'Tank Lid AP 60NT1', 'PC/Marking', 'YSNG'),
(366, 'Tank Lid AP120NT2', 'Blank', 'YSNG'),
(367, 'Tank Lid AP120NT2', 'PC/Marking', 'YSNG'),
(368, 'Tank Lid AP120NT3', 'Blank', 'YSNG'),
(369, 'Tank Lid AP120NT3', 'Pc/Marking', 'YSNG'),
(370, 'Tank Lid AP30T2', 'Blank', 'YSNG'),
(371, 'Tank Lid AP30T2', 'Piercing', 'YSNG'),
(372, 'TANK LID AP30T3', 'Blank', 'YSNG'),
(373, 'TANK LID AP30T3', 'Piercing', 'YSNG'),
(374, 'TANK LID AP30 (812AP30T0)', 'Blank', 'YSNG'),
(375, 'TANK LID AP30 (812AP30T0)', 'Piercing', 'YSNG'),
(376, 'TANK LID EP 100 Mkx HN2T3', 'Blank', 'YSNG'),
(377, 'TANK LID EP 100 Mkx HN2T3', 'Piercing / Marking', 'YSNG'),
(378, 'TANK LID EP (812EP80HN2T1)', 'Blank/PC', 'YSNG'),
(379, 'TANK LID EP (812EP80HN2T1)', 'Compound', 'YSNG'),
(380, 'TANK LID EP 80 Mkx WTO', 'Blank', 'YSNG'),
(381, 'TANK LID EP 80 Mkx WTO', 'Piercing / Marking', 'YSNG'),
(382, 'TANK LID EP NIKKO (812EP80HN2T2)', 'Blank / Piercing', 'YSNG'),
(383, 'TANK LID EP NIKKO (812EP80HN2T2)', 'Piercing', 'YSNG'),
(384, 'TANK LID EP120E (812EP120E2T2)', 'Blank', 'YSNG'),
(385, 'TANK LID EP120E (812EP120E2T2)', 'Piercing', 'YSNG'),
(386, 'TANK LID 100 H (812LP100H01D)', 'Blank', 'YSNG'),
(387, 'TANK LID 100 H (812LP100H01D)', 'Piercing', 'YSNG'),
(388, 'TANK LID 150H (812LP150N0)', 'Blank', 'YSNG'),
(389, 'TANK LID 150H (812LP150N0)', 'Piercing', 'YSNG'),
(390, 'Ring 22932', 'Bending 2', 'MEIJI'),
(391, 'Cover Flange S71044', 'Blank', 'STI'),
(392, 'Cover Flange S71044', 'Draw', 'STI'),
(393, 'Cover Flange S71044', 'Piercing', 'STI'),
(394, 'TRAP FLAME 13780-19K00-30', 'Prog', 'YSFK'),
(395, 'TRAP FLAME 13780-19K00-30', 'Compound', 'YSFK'),
(396, 'MI 22 mm 2 IN 1 hapus', 'Prog', 'IRC'),
(397, 'MI 22 mm Single', 'Prog', 'IRC'),
(398, 'Outer Bush', 'Prog', 'MEIJI'),
(399, 'BP MK 382597', 'Prog', 'SGI'),
(400, 'Retainer GZ1V0030A', 'Prog', 'HI-LEX'),
(401, 'BP 74-24711-50S', 'Tapping', 'SGI'),
(402, 'BP 74-24711-50S', 'Chemper', 'SGI'),
(403, 'Rethainer MK 384466', 'Prog', 'SGI'),
(404, 'BP 74-43432-50', 'Chemper', 'SGI'),
(405, 'BP 74-52832-50E', 'Chemper', 'SGI'),
(406, 'MV 4A2', 'Prog', 'LELCO'),
(407, 'SOFT PEDAL LEVER UP109/113 MFZN2W3', 'PC 2', 'YAMAHA'),
(408, 'MMH-3D', 'Prog', 'LELCO'),
(409, 'PUNCHING PLATE 53P-E4450-00-1-30', 'Progressive', 'YSFK'),
(410, 'PUNCHING PLATE 53P-E4450-00-1-30', 'Compound', 'YSFK'),
(411, 'LOUD PEDAL LEVER UP116 MFZN2W3', 'PC 2', 'YAMAHA'),
(412, 'LOUD PEDAL LEVER UP116 MFZN2W3', 'HUMMING', 'YAMAHA'),
(413, 'LOUD PEDAL LEVER UP109/113 MFZN2W3', 'BD Rool', 'YAMAHA'),
(414, 'WASHER S72006-1R', 'Compound', 'STI'),
(415, 'BP 74-43932-50', 'Tapping', 'SGI'),
(416, 'BP 74-71532-50S', 'Tapping', 'SGI'),
(417, 'BP 74-24711-50E', 'Tapping', 'SGI'),
(418, 'BP 74-71532-50S', 'Chemper', 'SGI'),
(419, 'BP 74-24711-50', 'Chemper', 'SGI'),
(420, 'BP 74-43932-50', 'Chemper', 'SGI'),
(421, 'BP 74-43432-50', 'Tapping', 'SGI'),
(422, 'MI 26 mm Single', 'Progressive', 'IRC'),
(423, 'RETAINER 76-07511-72', 'Progressive', 'SGI'),
(424, 'INSERT SPCC-2D 0.5 X 16 MM', 'Progressive', 'TTEC'),
(425, 'BP 74-24731-50S', 'Tapping', 'SGI'),
(426, 'SPCC-2D 0.5 X 30.5 MM', 'Prog', 'TTEC'),
(427, 'SPCC-2D 0.5 X 29 ISUZU', 'Prog', 'TTEC'),
(428, 'PUNCHING PLATE 11029-0724D-K02', 'Spot', 'YSFK'),
(429, 'BP 74-30531-50', 'Chemper', 'SGI'),
(430, 'BP 74-30531-50', 'Tapping', 'SGI'),
(431, 'BP 74-71532-50S', 'Chemper', 'SGI'),
(432, 'COVER S71072', 'Piercing', 'STI'),
(433, 'BP 74-24731-50S', 'Chemper', 'SGI'),
(434, 'Retainer GZ1V0030A', 'Spot', 'HI-LEX'),
(435, 'Tank Lid AP 60NT2', 'Blank', 'YSNG'),
(436, 'Tank Lid AP 60NT2', 'Piercing', 'YSNG'),
(437, 'BRACKET 3F-0818430-K01', 'Spot', 'YSFK'),
(438, 'BP 74-24732-50', 'Tapping', 'SGI'),
(439, 'KOSONG', '', ''),
(440, 'SOFT PEDAL LEVER UP109/113 MFZN2W3', 'HUMMING', 'YAMAHA'),
(441, 'BP 74-52832-50M', 'Tapping', 'SGI'),
(442, 'BP 74-52832-50M', 'Chemper', 'SGI'),
(443, 'PLATE 1 & 2', 'Spot', 'YSFK'),
(444, 'BP 74-36111-50M', 'Tapping', 'SGI'),
(445, 'BACK DOOR S', 'PC 1', 'IRC'),
(446, 'BACK DOOR S', 'PC 2', 'IRC'),
(447, 'BP 74-47511-58M', 'Tapping', 'SGI'),
(448, 'BP 74-47511-58M', 'Chemper', 'SGI'),
(449, 'BP 74-23011-50', 'Chemper', 'SGI'),
(450, 'BP 74-24711-50E', 'Chemper', 'SGI'),
(451, 'BP 74-52832-50E', 'Tapping', 'SGI'),
(452, 'BP 74-36111-50E', 'Chemper', 'SGI'),
(453, 'BP 74-36111-50E', 'Tapping', 'SGI'),
(454, 'LOUD PEDAL LEVER UP109/113 MFZN2W3', 'Humming Ø7', 'YAMAHA'),
(455, 'BP 74-52831-50', 'Chemper', 'SGI'),
(456, 'BP 74-52831-50', 'Tapping', 'SGI'),
(457, 'Inner Bush', 'Progresive', 'MEIJI'),
(458, 'BP 74-52832-58', 'Chemper', 'SGI'),
(459, 'SPCC-2D 0.5 X 29 LAMA', 'Progresive', 'TTEC'),
(460, 'BP 74-07511-50', 'Progresive', 'SGI'),
(461, 'BP 74-43932-50M', 'Tapping', 'SGI'),
(462, 'BP 74-43932-50M', 'Chemper', 'SGI'),
(463, 'BP 74-23011-50', 'Tapping', 'SGI'),
(464, 'BP 74-24711-50', 'Progresive', 'SGI'),
(465, 'BP 74-24711-50', 'Tapping', 'SGI'),
(466, 'Punching Plate B4J-E4661-K01', 'Progressive', 'YSFK'),
(467, 'Punching Plate B4J-E4661-K01', 'Compound', 'YSFK'),
(468, 'BP 74-07711-50', 'Progresive', 'SGI'),
(469, 'BP 74-74712-50', 'Gosok', 'Sgi'),
(470, 'BP 74-43111-50', 'Gosok', 'SGI'),
(471, 'BP 74-30731-50E', 'Chemper', 'SGI'),
(472, 'BP 74-30731-50E', 'Tapping', 'SGI'),
(473, 'BP 74-43432-50E', 'Tapping', 'SGI'),
(474, 'BP 74-43432-50E', 'Champer', 'SGI'),
(475, 'PLATE 2 11029-0724D-K04', 'Spot', 'YSFK'),
(476, 'WASHER 72003-1R', 'BL / FM', 'STI'),
(477, 'Strut ISUZU 4HG', 'Progresive', 'YSFK'),
(478, 'WASHER S72006 R', 'Compound', 'STI'),
(479, 'WASHER S72006-2R', 'Compound', 'STI'),
(480, 'WASHER 72003-1R', 'BL/PC', 'STI'),
(481, 'WASHER 72003-1R', 'FORMING', 'STI'),
(482, 'MI 30,5 mm', 'Progresive', 'IRC');

-- --------------------------------------------------------

--
-- Table structure for table `tb_jabatan`
--

CREATE TABLE IF NOT EXISTS `tb_jabatan` (
  `id_jabatan` int(11) NOT NULL AUTO_INCREMENT,
  `nama` varchar(300) NOT NULL,
  PRIMARY KEY (`id_jabatan`)
) ENGINE=InnoDB  DEFAULT CHARSET=latin1 AUTO_INCREMENT=7 ;

--
-- Dumping data for table `tb_jabatan`
--

INSERT INTO `tb_jabatan` (`id_jabatan`, `nama`) VALUES
(1, 'Ka. Shift'),
(2, 'Wa.Ka. Group'),
(3, 'Operator Press'),
(4, 'Koord. Maint.Dies'),
(5, 'Operator Maint. Dies'),
(6, 'Engineering');

-- --------------------------------------------------------

--
-- Table structure for table `tb_kepala`
--

CREATE TABLE IF NOT EXISTS `tb_kepala` (
  `id_kepala` int(11) NOT NULL,
  `nama` varchar(300) NOT NULL,
  `id_jabatan` int(11) NOT NULL,
  PRIMARY KEY (`id_kepala`),
  KEY `fk_kepala_jabatan` (`id_jabatan`)
) ENGINE=InnoDB DEFAULT CHARSET=latin1;

--
-- Dumping data for table `tb_kepala`
--

INSERT INTO `tb_kepala` (`id_kepala`, `nama`, `id_jabatan`) VALUES
(1, 'Cucup Supriatna', 2),
(3, 'Ngasmin', 2),
(4, 'Maryamah', 1),
(5, 'Mussawalludin', 1),
(6, 'Agus Setiyanto', 3),
(7, 'Zainudin', 2),
(8, 'Maja', 3),
(9, 'Enuh Nugraha', 5),
(10, 'Armando', 3),
(11, 'Panji Rahmadian', 5),
(12, 'Firman', 2),
(13, 'Muhammad Nur Fadli', 2),
(14, 'Sarip Hidayat', 5),
(15, 'Jepi Syaipulloh', 5),
(16, 'Fahrudin. A', 3),
(17, 'Wawan Setiawan', 5),
(18, 'Wahyu Hidayat', 3),
(19, 'Ati Sati', 3),
(20, 'Ahmad Husen', 6),
(21, 'Miftahul Hasan', 3),
(22, 'Deri Septiawan', 3),
(23, 'Apri Budiyanto', 3),
(24, 'Tri Joko', 3),
(25, 'Diska Alan Lutfianto', 3),
(26, 'Ivan Afrido', 3),
(27, 'Liman Alamsyah', 3),
(28, 'Roni Lestiawan', 2),
(29, 'Arif Cahyono', 3),
(30, 'Iqbal Syarif', 6),
(33, 'Agung Saputra', 6),
(34, 'Galih Aji Wijaksono', 6),
(35, 'Ragil Saputro', 6);

-- --------------------------------------------------------

--
-- Table structure for table `tb_mesin`
--

CREATE TABLE IF NOT EXISTS `tb_mesin` (
  `id_mesin` int(11) NOT NULL AUTO_INCREMENT,
  `nama` varchar(300) NOT NULL,
  PRIMARY KEY (`id_mesin`)
) ENGINE=InnoDB  DEFAULT CHARSET=latin1 AUTO_INCREMENT=33 ;

--
-- Dumping data for table `tb_mesin`
--

INSERT INTO `tb_mesin` (`id_mesin`, `nama`) VALUES
(1, 'F.01'),
(2, 'F.02'),
(3, 'F.03'),
(4, 'F.04'),
(5, 'F.05'),
(6, 'N.06'),
(7, 'N.07'),
(8, 'N.08'),
(9, 'K.09'),
(10, 'F.10'),
(11, 'F.11'),
(12, 'K.12'),
(13, 'K.13'),
(14, 'K.14'),
(15, 'F.15'),
(16, 'N.16'),
(17, 'K.17'),
(18, 'N.18'),
(19, 'A.19'),
(20, 'A.20'),
(21, 'Tapping 1'),
(22, 'Chemper 1'),
(23, 'Spot'),
(24, 'Tapping 2'),
(25, 'tes'),
(26, 'Tapping 3'),
(27, 'Chemper 3'),
(28, 'Chemper 2'),
(29, 'Turret 1'),
(30, 'Turret 2'),
(31, 'tes'),
(32, 'tes');

-- --------------------------------------------------------

--
-- Table structure for table `tb_operator`
--

CREATE TABLE IF NOT EXISTS `tb_operator` (
  `id_operator` int(11) NOT NULL AUTO_INCREMENT,
  `nama` varchar(300) NOT NULL,
  `id_jabatan` int(11) NOT NULL,
  `aktif` tinyint(1) NOT NULL,
  PRIMARY KEY (`id_operator`),
  KEY `fk_operator_jabatan` (`id_jabatan`)
) ENGINE=InnoDB  DEFAULT CHARSET=latin1 AUTO_INCREMENT=38 ;

--
-- Dumping data for table `tb_operator`
--

INSERT INTO `tb_operator` (`id_operator`, `nama`, `id_jabatan`, `aktif`) VALUES
(1, 'Cucup Supriatna', 2, 1),
(2, 'tes', 1, 1),
(3, 'Ngasmin', 2, 1),
(4, 'Maryamah', 1, 1),
(5, 'Mussawalludin', 1, 1),
(6, 'Agus Setiyanto', 3, 1),
(7, 'Zainudin', 2, 1),
(8, 'Maja', 3, 1),
(9, 'Enuh Nugraha', 5, 1),
(10, 'Armando', 3, 1),
(11, 'Panji Rahmadian', 5, 1),
(12, 'Firman', 2, 1),
(13, 'Muhammad Nur Fadli', 2, 1),
(14, 'Sarip Hidayat', 5, 1),
(15, 'Jepi Syaipulloh', 5, 1),
(16, 'Fahrudin. A', 3, 1),
(17, 'Wawan Setiawan', 5, 1),
(18, 'Wahyu Hidayat', 3, 1),
(19, 'Ati Sati', 3, 1),
(20, 'Ahmad Husen', 6, 1),
(21, 'Miftahul Hasan', 3, 1),
(22, 'Deri Septiawan', 3, 1),
(23, 'Apri Budiyanto', 3, 1),
(24, 'Tri Joko', 3, 1),
(25, 'Diska Alan Lutfianto', 3, 1),
(26, 'Ivan Afrido', 3, 1),
(27, 'Liman Alamsyah', 3, 1),
(28, 'Roni Lestiawan', 2, 1),
(29, 'Arif Cahyono', 3, 1),
(30, 'Iqbal Syarif', 6, 1),
(31, 'tes2', 1, 1),
(32, 'tes', 1, 1),
(33, 'Agung Saputra', 6, 1),
(34, 'Galih Aji Wijaksono', 6, 1),
(35, 'Ragil Saputro', 6, 1),
(36, 'tes2', 1, 1),
(37, 'Ragil Saputro', 6, 1);

-- --------------------------------------------------------

--
-- Table structure for table `tb_trial`
--

CREATE TABLE IF NOT EXISTS `tb_trial` (
  `id_trial` int(11) NOT NULL,
  `tanggal` date NOT NULL,
  `id_dies` int(11) NOT NULL,
  `id_mesin` int(11) NOT NULL,
  `id_kepala` int(11) NOT NULL,
  `id_operator` int(11) NOT NULL,
  `mulai` time NOT NULL,
  `selesai` time NOT NULL,
  PRIMARY KEY (`id_trial`),
  KEY `fk_trial_mesin` (`id_mesin`),
  KEY `fk_trial_dies` (`id_dies`),
  KEY `fk_trial_kepala` (`id_operator`),
  KEY `fk_trial_operator` (`id_kepala`)
) ENGINE=InnoDB DEFAULT CHARSET=latin1;

--
-- Dumping data for table `tb_trial`
--

INSERT INTO `tb_trial` (`id_trial`, `tanggal`, `id_dies`, `id_mesin`, `id_kepala`, `id_operator`, `mulai`, `selesai`) VALUES
(1901606, '2019-10-01', 22, 5, 5, 13, '09:15:00', '09:39:00'),
(1901607, '2019-10-01', 22, 5, 5, 13, '13:50:00', '14:05:00'),
(1901608, '2019-10-07', 22, 5, 5, 35, '19:30:00', '19:46:00'),
(1901609, '2019-10-07', 31, 11, 5, 1, '19:15:00', '19:45:00'),
(1901610, '2019-10-07', 5, 13, 5, 13, '19:25:00', '19:45:00'),
(1901611, '2019-10-07', 38, 1, 5, 1, '19:45:00', '20:15:00'),
(1901612, '2019-10-07', 43, 9, 5, 5, '20:00:00', '20:25:00'),
(1901613, '2019-10-07', 32, 15, 5, 5, '20:40:00', '20:50:00'),
(1901614, '2019-10-07', 72, 12, 5, 1, '20:45:00', '21:15:00'),
(1901615, '2019-10-07', 301, 17, 5, 13, '20:20:00', '21:00:00'),
(1901616, '2019-10-07', 321, 10, 5, 5, '22:20:00', '22:30:00'),
(1901617, '2019-10-07', 19, 2, 5, 1, '22:15:00', '22:30:00'),
(1901618, '2019-10-07', 30, 16, 5, 13, '22:05:00', '22:50:00'),
(1901619, '2019-10-07', 277, 4, 5, 28, '22:50:00', '23:05:00'),
(1901620, '2019-10-08', 388, 18, 4, 3, '07:00:00', '07:20:00'),
(1901621, '2019-10-08', 280, 3, 4, 4, '09:00:00', '09:18:00'),
(1901622, '2019-10-08', 278, 14, 4, 4, '09:00:00', '09:18:00'),
(1901623, '2019-10-08', 39, 7, 4, 4, '09:30:00', '09:45:00'),
(1901624, '2019-10-08', 257, 4, 4, 4, '10:10:00', '10:20:00'),
(1901625, '2019-10-08', 19, 2, 4, 3, '11:10:00', '11:30:00'),
(1901626, '2019-10-08', 9, 13, 4, 7, '11:20:00', '11:40:00'),
(1901627, '2019-10-08', 300, 19, 4, 7, '13:00:00', '13:10:00'),
(1901628, '2019-10-08', 259, 14, 4, 3, '13:00:00', '13:13:00'),
(1901629, '2019-10-08', 261, 3, 4, 3, '13:13:00', '13:23:00'),
(1901630, '2019-10-08', 302, 12, 4, 3, '13:47:00', '14:09:00'),
(1901631, '2019-10-08', 22, 5, 5, 13, '14:15:00', '14:23:00'),
(1901632, '2019-10-08', 6, 6, 5, 14, '14:20:00', '15:00:00'),
(1901633, '2019-10-08', 30, 16, 5, 13, '15:15:00', '15:35:00'),
(1901634, '2019-10-08', 289, 4, 5, 5, '16:40:00', '16:50:00'),
(1901635, '2019-10-08', 41, 8, 5, 14, '17:30:00', '18:00:00'),
(1901636, '2019-10-08', 454, 14, 5, 11, '17:25:00', '18:00:00'),
(1901637, '2019-10-08', 260, 3, 5, 11, '17:25:00', '18:00:00'),
(1901638, '2019-10-08', 5, 13, 5, 1, '19:00:00', '19:20:00'),
(1901639, '2019-10-09', 19, 2, 4, 3, '06:15:00', '06:37:00'),
(1901640, '2019-10-09', 259, 14, 4, 7, '09:00:00', '09:12:00'),
(1901641, '2019-10-09', 261, 3, 4, 7, '09:10:00', '09:15:00'),
(1901642, '2019-10-09', 30, 16, 4, 7, '09:50:00', '10:00:00'),
(1901643, '2019-10-09', 22, 5, 4, 3, '11:22:00', '11:47:00'),
(1901644, '2019-10-09', 9, 13, 4, 3, '14:00:00', '14:22:00'),
(1901645, '2019-10-09', 22, 5, 5, 1, '15:25:00', '15:40:00'),
(1901646, '2019-10-09', 30, 16, 5, 13, '15:40:00', '15:55:00'),
(1901647, '2019-10-09', 400, 19, 5, 35, '16:30:00', '18:00:00'),
(1901648, '2019-10-09', 292, 3, 5, 14, '15:50:00', '16:05:00'),
(1901649, '2019-10-09', 290, 14, 5, 14, '16:05:00', '16:20:00'),
(1901650, '2019-10-09', 19, 2, 5, 5, '19:30:00', '19:40:00'),
(1901651, '2019-10-09', 9, 13, 5, 1, '19:35:00', '19:52:00'),
(1901652, '2019-10-09', 44, 8, 5, 1, '20:10:00', '20:25:00'),
(1901653, '2019-10-09', 389, 18, 5, 13, '21:25:00', '21:50:00'),
(1901654, '2019-10-09', 293, 3, 5, 11, '22:50:00', '23:10:00'),
(1901655, '2019-10-09', 291, 14, 5, 11, '22:30:00', '22:50:00'),
(1901656, '2019-10-10', 263, 14, 4, 4, '09:30:00', '09:45:00'),
(1901657, '2019-10-10', 5, 13, 4, 3, '09:22:00', '09:45:00'),
(1901658, '2019-10-10', 19, 2, 4, 3, '09:54:00', '10:14:00'),
(1901659, '2019-10-10', 30, 16, 4, 7, '11:40:00', '11:55:00'),
(1901660, '2019-10-10', 22, 5, 4, 3, '11:41:00', '12:00:00'),
(1901661, '2019-10-10', 266, 4, 4, 3, '13:10:00', '13:22:00'),
(1901662, '2019-10-10', 264, 14, 5, 15, '14:10:00', '14:32:00'),
(1901663, '2019-10-10', 434, 23, 4, 18, '14:50:00', '15:00:00'),
(1901664, '2019-10-10', 9, 13, 5, 1, '15:45:00', '16:00:00'),
(1901665, '2019-10-10', 44, 8, 5, 13, '15:25:00', '16:15:00'),
(1901666, '2019-10-10', 39, 9, 4, 1, '17:35:00', '18:00:00'),
(1901667, '2019-10-10', 29, 19, 5, 13, '19:30:00', '20:05:00'),
(1901668, '2019-10-10', 426, 14, 5, 13, '21:20:00', '21:45:00'),
(1901669, '2019-10-10', 5, 14, 5, 1, '21:35:00', '21:45:00'),
(1901670, '2019-10-11', 22, 5, 4, 7, '06:20:00', '06:30:00'),
(1901671, '2019-10-11', 19, 2, 4, 3, '06:45:00', '06:50:00'),
(1901672, '2019-10-11', 185, 18, 4, 7, '07:40:00', '08:00:00'),
(1901673, '2019-10-11', 19, 2, 4, 7, '08:30:00', '08:50:00'),
(1901674, '2019-10-11', 9, 13, 4, 3, '10:09:00', '10:38:00'),
(1901675, '2019-10-11', 39, 9, 4, 7, '10:20:00', '10:45:00'),
(1901676, '2019-10-11', 285, 11, 4, 3, '10:20:00', '10:40:00'),
(1901677, '2019-10-11', 286, 3, 4, 3, '10:40:00', '11:00:00'),
(1901678, '2019-10-11', 22, 5, 4, 3, '11:02:00', '11:21:00'),
(1901679, '2019-10-11', 44, 8, 4, 4, '11:00:00', '11:30:00'),
(1901680, '2019-10-11', 248, 2, 4, 7, '13:50:00', '14:00:00'),
(1901681, '2019-10-11', 285, 11, 5, 11, '14:10:00', '15:12:00'),
(1901682, '2019-10-11', 287, 3, 5, 11, '14:15:00', '15:12:00'),
(1901683, '2019-10-11', 9, 13, 5, 13, '20:18:00', '20:34:00'),
(1901684, '2019-10-11', 10, 6, 5, 13, '21:15:00', '21:53:00'),
(1901685, '2019-10-11', 22, 5, 5, 13, '22:27:00', '22:32:00'),
(1901686, '2019-10-14', 299, 16, 5, 13, '10:45:00', '11:08:00'),
(1901687, '2019-10-14', 32, 11, 5, 5, '10:40:00', '11:28:00'),
(1901688, '2019-10-14', 34, 18, 5, 1, '11:00:00', '11:40:00'),
(1901689, '2019-10-14', 301, 17, 5, 13, '11:55:00', '13:03:00'),
(1901690, '2019-10-14', 184, 19, 5, 1, '13:30:00', '14:10:00'),
(1901691, '2019-10-14', 22, 5, 5, 13, '14:45:00', '14:50:00'),
(1901692, '2019-10-14', 426, 14, 4, 35, '15:15:00', '15:40:00'),
(1901693, '2019-10-14', 428, 23, 4, 18, '16:00:00', '16:15:00'),
(1901694, '2019-10-14', 22, 5, 4, 7, '16:00:00', '16:12:00'),
(1901695, '2019-10-14', 306, 16, 4, 7, '19:21:00', '20:12:00'),
(1901696, '2019-10-14', 22, 5, 4, 4, '20:04:00', '20:31:00'),
(1901697, '2019-10-14', 9, 13, 4, 3, '21:36:00', '21:43:00'),
(1901698, '2019-10-15', 17, 13, 5, 13, '07:40:00', '08:15:00'),
(1901699, '2019-10-15', 44, 8, 5, 13, '10:33:00', '10:44:00'),
(1901700, '2019-10-15', 442, 22, 5, 18, '13:00:00', '13:10:00'),
(1901701, '2019-10-15', 441, 21, 5, 18, '13:10:00', '13:20:00'),
(1901702, '2019-10-15', 22, 5, 5, 13, '14:30:00', '14:52:00'),
(1901703, '2019-10-15', 347, 15, 4, 3, '14:55:00', '15:14:00'),
(1901704, '2019-10-15', 7, 16, 4, 7, '17:25:00', '18:00:00'),
(1901705, '2019-10-15', 414, 15, 4, 3, '19:14:00', '19:25:00'),
(1901706, '2019-10-15', 44, 8, 4, 4, '19:35:00', '20:10:00'),
(1901707, '2019-10-15', 18, 4, 4, 3, '10:04:00', '20:09:00'),
(1901708, '2019-10-15', 424, 2, 4, 3, '19:25:00', '21:05:00'),
(1901709, '2019-10-15', 9, 16, 4, 3, '21:40:00', '22:05:00'),
(1901710, '2019-10-15', 17, 13, 4, 3, '22:40:00', '22:54:00'),
(1901711, '2019-10-16', 426, 5, 5, 13, '10:25:00', '10:50:00'),
(1901712, '2019-10-16', 7, 13, 5, 1, '11:20:00', '11:45:00'),
(1901713, '2019-10-16', 27, 14, 5, 13, '14:00:00', '14:20:00'),
(1901714, '2019-10-16', 35, 10, 5, 5, '14:00:00', '14:10:00'),
(1901715, '2019-10-16', 445, 15, 5, 5, '14:10:00', '14:20:00'),
(1901716, '2019-10-16', 142, 19, 4, 7, '15:20:00', '15:30:00'),
(1901717, '2019-10-16', 18, 4, 4, 4, '19:00:00', '19:20:00'),
(1901718, '2019-10-16', 23, 14, 4, 3, '22:03:00', '22:21:00'),
(1901719, '2019-10-17', 17, 13, 5, 1, '07:25:00', '07:50:00'),
(1901720, '2019-10-17', 9, 16, 5, 1, '08:10:00', '08:30:00'),
(1901721, '2019-10-17', 7, 13, 5, 13, '10:45:00', '11:05:00'),
(1901722, '2019-10-17', 42, 9, 5, 13, '13:20:00', '13:46:00'),
(1901723, '2019-10-17', 446, 11, 4, 7, '14:25:00', '14:35:00'),
(1901724, '2019-10-17', 20, 3, 5, 1, '15:10:00', '15:43:00'),
(1901725, '2019-10-17', 9, 16, 4, 3, '16:21:00', '16:35:00'),
(1901726, '2019-10-17', 9, 13, 4, 7, '16:45:00', '17:05:00'),
(1901727, '2019-10-17', 8, 4, 4, 3, '14:30:00', '19:34:00'),
(1901728, '2019-10-18', 9, 9, 5, 13, '06:10:00', '06:25:00'),
(1901729, '2019-10-18', 15, 13, 5, 1, '08:15:00', '08:45:00'),
(1901730, '2019-10-18', 35, 11, 5, 13, '09:15:00', '09:33:00'),
(1901731, '2019-10-18', 310, 17, 5, 1, '09:30:00', '09:52:00'),
(1901732, '2019-10-18', 426, 14, 5, 35, '09:30:00', '10:22:00'),
(1901733, '2019-10-18', 18, 10, 5, 13, '11:15:00', '11:30:00'),
(1901734, '2019-10-18', 20, 3, 5, 1, '11:00:00', '11:30:00'),
(1901735, '2019-10-18', 13, 16, 5, 5, '13:00:00', '14:00:00'),
(1901736, '2019-10-18', 459, 5, 4, 35, '13:40:00', '14:25:00'),
(1901737, '2019-10-18', 433, 22, 5, 5, '13:00:00', '13:12:00'),
(1901738, '2019-10-18', 425, 21, 5, 5, '13:12:00', '13:25:00'),
(1901739, '2019-10-18', 460, 18, 4, 7, '14:50:00', '15:06:00'),
(1901740, '2019-10-18', 23, 14, 4, 4, '15:00:00', '15:20:00'),
(1901741, '2019-10-18', 20, 3, 4, 4, '17:00:00', '17:35:00'),
(1901742, '2019-10-18', 13, 16, 4, 7, '22:15:00', '22:40:00'),
(1901743, '2019-10-21', 24, 14, 4, 3, '06:27:00', '06:48:00'),
(1901744, '2019-10-21', 19, 1, 4, 3, '08:05:00', '08:13:00'),
(1901745, '2019-10-21', 335, 13, 4, 4, '10:00:00', '10:14:00'),
(1901746, '2019-10-21', 307, 12, 4, 3, '09:55:00', '10:22:00'),
(1901747, '2019-10-21', 9, 16, 4, 7, '10:25:00', '10:50:00'),
(1901748, '2019-10-21', 44, 8, 4, 3, '10:50:00', '11:23:00'),
(1901749, '2019-10-21', 446, 15, 4, 7, '11:40:00', '11:50:00'),
(1901750, '2019-10-21', 20, 3, 4, 4, '13:06:00', '13:20:00'),
(1901751, '2019-10-21', 331, 13, 4, 7, '13:30:00', '13:33:00'),
(1901752, '2019-10-21', 19, 1, 4, 3, '13:14:00', '13:36:00'),
(1901753, '2019-10-21', 142, 19, 5, 1, '14:00:00', '14:30:00'),
(1901754, '2019-10-21', 18, 10, 5, 1, '15:40:00', '16:00:00'),
(1901755, '2019-10-21', 426, 14, 5, 35, '16:00:00', '16:45:00'),
(1901756, '2019-10-21', 19, 1, 5, 13, '16:50:00', '17:05:00'),
(1901757, '2019-10-21', 445, 11, 5, 5, '16:45:00', '17:00:00'),
(1901758, '2019-10-21', 330, 13, 5, 13, '19:00:00', '19:50:00'),
(1901759, '2019-10-21', 9, 16, 5, 13, '20:30:00', '20:47:00'),
(1901760, '2019-10-21', 39, 7, 4, 13, '21:50:00', '22:20:00'),
(1901761, '2019-10-21', 16, 4, 5, 15, '22:00:00', '22:25:00'),
(1901762, '2019-10-22', 334, 13, 4, 7, '10:15:00', '10:35:00'),
(1901763, '2019-10-22', 423, 18, 4, 3, '09:30:00', '10:38:00'),
(1901764, '2019-10-22', 9, 16, 4, 3, '11:05:00', '11:15:00'),
(1901765, '2019-10-22', 39, 9, 4, 7, '11:00:00', '11:21:00'),
(1901766, '2019-10-22', 275, 19, 4, 3, '06:00:00', '13:40:00'),
(1901767, '2019-10-22', 20, 3, 5, 13, '14:45:00', '15:05:00'),
(1901768, '2019-10-22', 19, 1, 5, 13, '15:55:00', '16:13:00'),
(1901769, '2019-10-22', 9, 16, 5, 13, '16:45:00', '17:05:00'),
(1901770, '2019-10-22', 311, 12, 1, 1, '16:50:00', '17:33:00'),
(1901771, '2019-10-22', 336, 13, 5, 13, '20:40:00', '20:50:00'),
(1901772, '2019-10-22', 20, 3, 5, 13, '21:15:00', '21:50:00'),
(1901773, '2019-10-24', 137, 18, 4, 3, '07:50:00', '08:14:00'),
(1901774, '2019-10-23', 44, 8, 4, 4, '08:30:00', '08:55:00'),
(1901775, '2019-10-23', 332, 13, 4, 3, '09:31:00', '09:42:00'),
(1901776, '2019-10-23', 200, 18, 4, 3, '10:50:00', '11:09:00'),
(1901777, '2019-10-23', 426, 5, 4, 35, '10:00:00', '11:15:00'),
(1901778, '2019-10-23', 19, 1, 4, 4, '11:30:00', '11:56:00'),
(1901779, '2019-10-23', 46, 14, 4, 9, '09:40:00', '13:25:00'),
(1901780, '2019-10-23', 14, 10, 4, 4, '13:00:00', '14:53:00'),
(1901781, '2019-10-23', 49, 2, 5, 1, '14:30:00', '15:00:00'),
(1901782, '2019-10-23', 39, 7, 5, 13, '15:05:00', '15:45:00'),
(1901783, '2019-10-23', 167, 18, 5, 28, '15:30:00', '16:03:00'),
(1901784, '2019-10-23', 127, 13, 5, 1, '16:00:00', '16:25:00'),
(1901785, '2019-10-23', 130, 3, 5, 5, '16:50:00', '17:00:00'),
(1901786, '2019-10-23', 128, 11, 5, 1, '16:25:00', '16:35:00'),
(1901787, '2019-10-23', 39, 9, 5, 13, '16:40:00', '18:00:00'),
(1901788, '2019-10-23', 9, 16, 5, 13, '20:06:00', '20:15:00'),
(1901789, '2019-10-23', 19, 1, 5, 1, '20:15:00', '20:45:00'),
(1901790, '2019-10-23', 44, 8, 5, 13, '21:30:00', '22:40:00'),
(1901791, '2019-10-23', 1, 2, 4, 4, '11:11:00', '22:22:00'),
(1901792, '2019-10-23', 4, 3, 4, 4, '11:11:00', '22:22:00'),
(1901793, '2019-10-23', 1, 30, 1, 1, '11:11:00', '22:22:00'),
(1901794, '2019-10-23', 1, 1, 1, 1, '11:11:00', '11:11:00');

-- --------------------------------------------------------

--
-- Stand-in structure for view `v_trial`
--
CREATE TABLE IF NOT EXISTS `v_trial` (
`id_trial` int(11)
,`tanggal` date
,`id_dies` int(11)
,`nama_dies` varchar(300)
,`proses_dies` varchar(150)
,`customer_dies` varchar(300)
,`id_mesin` int(11)
,`nama_mesin` varchar(300)
,`id_kepala` int(11)
,`nama_kepala` varchar(300)
,`id_operator` int(11)
,`nama_operator` varchar(300)
,`mulai` time
,`selesai` time
);
-- --------------------------------------------------------

--
-- Structure for view `v_trial`
--
DROP TABLE IF EXISTS `v_trial`;

CREATE ALGORITHM=UNDEFINED DEFINER=`root`@`localhost` SQL SECURITY DEFINER VIEW `v_trial` AS select `tb_trial`.`id_trial` AS `id_trial`,`tb_trial`.`tanggal` AS `tanggal`,`tb_dies`.`id_dies` AS `id_dies`,`tb_dies`.`nama` AS `nama_dies`,`tb_dies`.`proses` AS `proses_dies`,`tb_dies`.`customer` AS `customer_dies`,`tb_mesin`.`id_mesin` AS `id_mesin`,`tb_mesin`.`nama` AS `nama_mesin`,`tb_kepala`.`id_kepala` AS `id_kepala`,`tb_kepala`.`nama` AS `nama_kepala`,`tb_operator`.`id_operator` AS `id_operator`,`tb_operator`.`nama` AS `nama_operator`,`tb_trial`.`mulai` AS `mulai`,`tb_trial`.`selesai` AS `selesai` from ((((`tb_trial` left join `tb_dies` on((`tb_trial`.`id_dies` = `tb_dies`.`id_dies`))) left join `tb_mesin` on((`tb_trial`.`id_mesin` = `tb_mesin`.`id_mesin`))) left join `tb_kepala` on((`tb_trial`.`id_kepala` = `tb_kepala`.`id_kepala`))) left join `tb_operator` on((`tb_trial`.`id_operator` = `tb_operator`.`id_operator`)));

--
-- Constraints for dumped tables
--

--
-- Constraints for table `tb_kepala`
--
ALTER TABLE `tb_kepala`
  ADD CONSTRAINT `tb_kepala_ibfk_1` FOREIGN KEY (`id_jabatan`) REFERENCES `tb_jabatan` (`id_jabatan`);

--
-- Constraints for table `tb_operator`
--
ALTER TABLE `tb_operator`
  ADD CONSTRAINT `tb_operator_ibfk_1` FOREIGN KEY (`id_jabatan`) REFERENCES `tb_jabatan` (`id_jabatan`);

--
-- Constraints for table `tb_trial`
--
ALTER TABLE `tb_trial`
  ADD CONSTRAINT `tb_trial_ibfk_1` FOREIGN KEY (`id_mesin`) REFERENCES `tb_mesin` (`id_mesin`),
  ADD CONSTRAINT `tb_trial_ibfk_2` FOREIGN KEY (`id_dies`) REFERENCES `tb_dies` (`id_dies`),
  ADD CONSTRAINT `tb_trial_ibfk_3` FOREIGN KEY (`id_operator`) REFERENCES `tb_operator` (`id_operator`),
  ADD CONSTRAINT `tb_trial_ibfk_4` FOREIGN KEY (`id_kepala`) REFERENCES `tb_kepala` (`id_kepala`);

/*!40101 SET CHARACTER_SET_CLIENT=@OLD_CHARACTER_SET_CLIENT */;
/*!40101 SET CHARACTER_SET_RESULTS=@OLD_CHARACTER_SET_RESULTS */;
/*!40101 SET COLLATION_CONNECTION=@OLD_COLLATION_CONNECTION */;
